{
  "main": {
    "id": "320669c22545ec69",
    "type": "split",
    "children": [
      {
        "id": "95f77e48c0e0d7f6",
        "type": "tabs",
        "children": [
          {
            "id": "894696f044403a4f",
            "type": "leaf",
            "state": {
              "type": "markdown",
              "state": {
                "file": "2022-11-03.md",
                "mode": "source",
                "source": false
              }
            }
          },
          {
            "id": "bf05f9f030d9f7a1",
            "type": "leaf",
            "state": {
              "type": "markdown",
              "state": {
                "file": "바이젠 4차 PCB.md",
                "mode": "source",
                "source": false
              }
            }
          }
        ],
        "currentTab": 1
      }
    ],
    "direction": "vertical"
  },
  "left": {
    "id": "965e6efc47ddfa05",
    "type": "split",
    "children": [
      {
        "id": "a8a3fd1eb519b117",
        "type": "tabs",
        "children": [
          {
            "id": "df53d929b812de89",
            "type": "leaf",
            "state": {
              "type": "file-explorer",
              "state": {
                "sortOrder": "alphabetical"
              }
            }
          },
          {
            "id": "fc30ef2d9c3eacc0",
            "type": "leaf",
            "state": {
              "type": "search",
              "state": {
                "query": "",
                "matchingCase": false,
                "explainSearch": false,
                "collapseAll": false,
                "extraContext": false,
                "sortOrder": "alphabetical"
              }
            }
          },
          {
            "id": "488a3ed7e3d20605",
            "type": "leaf",
            "state": {
              "type": "starred",
              "state": {}
            }
          }
        ]
      }
    ],
    "direction": "horizontal",
    "width": 300
  },
  "right": {
    "id": "0f45b22e9b76ceea",
    "type": "split",
    "children": [
      {
        "id": "e6b16c0783d71efa",
        "type": "tabs",
        "children": [
          {
            "id": "620d22fff134bc90",
            "type": "leaf",
            "state": {
              "type": "backlink",
              "state": {
                "file": "바이젠 4차 PCB.md",
                "collapseAll": false,
                "extraContext": false,
                "sortOrder": "alphabetical",
                "showSearch": false,
                "searchQuery": "",
                "backlinkCollapsed": false,
                "unlinkedCollapsed": true
              }
            }
          },
          {
            "id": "011af54bdfd74fe2",
            "type": "leaf",
            "state": {
              "type": "outgoing-link",
              "state": {
                "file": "바이젠 4차 PCB.md",
                "linksCollapsed": false,
                "unlinkedCollapsed": true
              }
            }
          },
          {
            "id": "90f76ed2f3c76c42",
            "type": "leaf",
            "state": {
              "type": "tag",
              "state": {
                "sortOrder": "frequency",
                "useHierarchy": true
              }
            }
          },
          {
            "id": "f74124bff9f85ec8",
            "type": "leaf",
            "state": {
              "type": "outline",
              "state": {
                "file": "바이젠 4차 PCB.md"
              }
            }
          }
        ]
      }
    ],
    "direction": "horizontal",
    "width": 300,
    "collapsed": true
  },
  "left-ribbon": {
    "hiddenItems": {
      "switcher:퀵 스위처 열기": false,
      "graph:그래프 뷰 열기": false,
      "canvas:Create new canvas": false,
      "daily-notes:오늘의 데일리 노트 열기": false,
      "templates:템플릿 삽입": false,
      "command-palette:명령어 팔레트 열기": false
    }
  },
  "active": "bf05f9f030d9f7a1",
  "lastOpenFiles": [
    "2022-11-03.md",
    "발산/발산.md",
    "일기/22년11월13일.md",
    "2022-11-07.md",
    "FLUTTER/StatefulWidget.md",
    "사이드마커/11월 10일.md",
    "FLUTTER/처음부터 만들어보기 (생존코딩).md",
    "FLUTTER/Scaffold.md",
    "FLUTTER/기본구조.md",
    "FLUTTER/기본문법.md"
  ]
}