{
  "main": {
    "id": "de9d202f33ea0ff3",
    "type": "split",
    "children": [
      {
        "id": "57335870a1b5ad25",
        "type": "tabs",
        "children": [
          {
            "id": "040f8f56a7859aef",
            "type": "leaf",
            "state": {
              "type": "empty",
              "state": {}
            }
          }
        ]
      }
    ],
    "direction": "vertical"
  },
  "left": {
    "id": "3574e3a677937ab6",
    "type": "split",
    "children": [
      {
        "id": "03e935a1a73b53a9",
        "type": "tabs",
        "children": [
          {
            "id": "5587a5a1942ef66b",
            "type": "leaf",
            "state": {
              "type": "file-explorer",
              "state": {
                "sortOrder": "alphabetical"
              }
            }
          },
          {
            "id": "423a86bb3f2b225a",
            "type": "leaf",
            "state": {
              "type": "search",
              "state": {
                "query": "",
                "matchingCase": false,
                "explainSearch": false,
                "collapseAll": false,
                "extraContext": false,
                "sortOrder": "alphabetical"
              }
            }
          },
          {
            "id": "262d991f2f1a556b",
            "type": "leaf",
            "state": {
              "type": "starred",
              "state": {}
            }
          }
        ]
      }
    ],
    "direction": "horizontal",
    "width": 300
  },
  "right": {
    "id": "38eaef0435f6d44d",
    "type": "split",
    "children": [
      {
        "id": "353223165cf5b518",
        "type": "tabs",
        "children": [
          {
            "id": "3608c95a2bf35af1",
            "type": "leaf",
            "state": {
              "type": "backlink",
              "state": {
                "collapseAll": false,
                "extraContext": false,
                "sortOrder": "alphabetical",
                "showSearch": false,
                "searchQuery": "",
                "backlinkCollapsed": false,
                "unlinkedCollapsed": true
              }
            }
          },
          {
            "id": "6306991b48917d0e",
            "type": "leaf",
            "state": {
              "type": "outgoing-link",
              "state": {
                "linksCollapsed": false,
                "unlinkedCollapsed": true
              }
            }
          },
          {
            "id": "d619f8183a989394",
            "type": "leaf",
            "state": {
              "type": "tag",
              "state": {
                "sortOrder": "frequency",
                "useHierarchy": true
              }
            }
          },
          {
            "id": "3ac862dd106ef8fe",
            "type": "leaf",
            "state": {
              "type": "outline",
              "state": {}
            }
          }
        ]
      }
    ],
    "direction": "horizontal",
    "width": 300,
    "collapsed": true
  },
  "active": "040f8f56a7859aef",
  "lastOpenFiles": []
}